worksheet,assay_id,assay_name,notes
21-0374,ANMGCUE,GNASc601CT,
21-0374,ANNK6EC,GNASc602GA,
21-2298,ANWDCMH,GNA11_c.547CT,
21-3894,ANKCJTF,PIK3CA_c.1633GA,
21-3894,ANU7H7Y,PIK3CA_c.1033AG,
21-3894,ANCFJNC,SMO_c.1234CT,
21-4270,ANGZVVH,GNAQ_c.548GA,
21-4270,ANH6PFF,PIK3CA_c.1357GA,
21-4270,ANEP7PN,PIK3CA_c.1624GA,
21-4270,ANKCHZD,PIK3CA_c.263GA,
21-4327,ANKCJTF,PIK3CA_c.1633GA,
21-4327,ANWDCMH,GNA11_c.547CT,
21-4327,ANGZVVH,GNAQ_c.548GA,
21-4327,ANEP7PN,PIK3CA_c.1624GA,
21-4327,ANMGCUE,GNASc601CT,
21-4327,ANNK6EC,GNASc602GA,
21-4391,ANNK647,PIK3CA_c.3140AG,
21-4391,ANCFJRY,PIK3CA_c.2816AG,
21-4391,ANDKD4R,PIK3CA_c.1810TC,
21-4391,ANMGEDD,GNA11_c.626AT,
21-4435,AN49C9F,PIK3CA_c.1634AG,
21-4435,ANPR2G7,MAP2K1_c.171GT,
21-4435,ANT2PM2,MAP2K1_c.607GA,
21-4435,ANMGDKA,PIK3CA_c.1030GA,
21-4459,ANGZVVH,GNAQ_c.548GA,
21-4459,ANMGCUE,GNASc601CT,
21-4459,ANNK647,PIK3CA_c.3140AG,
22-0227,ANFV2AK,NF1_c.1246CT,
22-0227,ANEP994,PIK3CA_c.353GA,
22-0227,ANT2RFN,NF1_c7863ins,Failed
22-0227,ANDKFN7,PIK3CA_c.1132TC,
22-0271,ANGZVVH,GNAQ_c.548GA,
22-0271,ANMGCUE,GNASc601CT,
22-0271,ANNK6EC,GNASc602GA,
22-0873,ANT2RMD,RHOA_c.514GA,Design failure
22-0873,ANPR3GH,ACTB_c.439CT,Design failure
22-0873,ANXG9C4,HRAS_c.37GC,Design failure
22-0873,ANMGFCN,PIK3CA_c.3140AT,
22-1066,ANKCJTF,PIK3CA_c.1633GA,
22-1066,ANWDCMH,GNA11_c.547CT,
22-1066,ANGZVVH,GNAQ_c.548GA,
22-1066,ANNK647,PIK3CA_c.3140AG,
22-1066,ANEP7PN,PIK3CA_c.1624GA,
22-1395,ANDKF7V,RHOA_c.514GA,
22-1395,AN9H2PA,ACTB_c.439CT,
22-1395,ANWDET7,ACTB_c.441insGGT,
22-1395,ANFV4DP,IDH1_c.394CT,
